status	file	before	after_or_reason	maker_id_or_preferred
skipped	AP-2026-000002.json	Herberts Silins	artist_name_ascii_only	Herberts Silins
skipped	AP-2026-000035.json	Gustavs Klucis	artist_name_ascii_only	Gustavs Klucis
skipped	AP-2026-000036.json	Gustavs Klucis	artist_name_ascii_only	Gustavs Klucis
skipped	AP-2026-000037.json	Gustavs Klucis	artist_name_ascii_only	Gustavs Klucis
skipped	AP-2026-000038.json	Gustavs Klucis	artist_name_ascii_only	Gustavs Klucis
skipped	AP-2026-000045.json	Leo Svemps	artist_name_ascii_only	Leo Svemps
skipped	AP-2026-000053.json	Gustavs Klucis	artist_name_ascii_only	Gustavs Klucis
skipped	AP-2026-000054.json	Gustavs Klucis	artist_name_ascii_only	Gustavs Klucis
skipped	AP-2026-000055.json	Gustavs Klucis	artist_name_ascii_only	Gustavs Klucis
skipped	AP-2026-000070.json	Oto Skulme	artist_name_ascii_only	Oto Skulme
skipped	AP-2026-000071.json	Oto Skulme	artist_name_ascii_only	Oto Skulme
skipped	AP-2026-000072.json	Oto Skulme	artist_name_ascii_only	Oto Skulme
skipped	AP-2026-000073.json	Oto Skulme	artist_name_ascii_only	Oto Skulme
skipped	AP-2026-000074.json	Oto Skulme	artist_name_ascii_only	Oto Skulme
skipped	AP-2026-000075.json	Oto Skulme	artist_name_ascii_only	Oto Skulme
skipped	AP-2026-000076.json	Oto Skulme	artist_name_ascii_only	Oto Skulme
skipped	AP-2026-000077.json	Oto Skulme	artist_name_ascii_only	Oto Skulme
skipped	AP-2026-000078.json	Oto Skulme	artist_name_ascii_only	Oto Skulme
skipped	AP-2026-000079.json	Oto Skulme	artist_name_ascii_only	Oto Skulme
skipped	AP-2026-000092.json	Gustavs Klucis	artist_name_ascii_only	Gustavs Klucis
skipped	AP-2026-000093.json	Gustavs Klucis	artist_name_ascii_only	Gustavs Klucis
skipped	AP-2026-000094.json	Gustavs Klucis	artist_name_ascii_only	Gustavs Klucis
skipped	AP-2026-000095.json	Gustavs Klucis	artist_name_ascii_only	Gustavs Klucis
skipped	AP-2026-000096.json	Gustavs Klucis	artist_name_ascii_only	Gustavs Klucis
skipped	AP-2026-000099.json	Gustavs Klucis	artist_name_ascii_only	Gustavs Klucis
skipped	AP-2026-000100.json	Gustavs Klucis	artist_name_ascii_only	Gustavs Klucis
skipped	AP-2026-000108.json	Leo Svemps	artist_name_ascii_only	Leo Svemps
skipped	AP-2026-000109.json	Leo Svemps	artist_name_ascii_only	Leo Svemps
skipped	AP-2026-000110.json	Leo Svemps	artist_name_ascii_only	Leo Svemps
skipped	AP-2026-000113.json	Gustavs Klucis	artist_name_ascii_only	Gustavs Klucis
skipped	AP-2026-000115.json	Ludolfs Liberts	artist_name_ascii_only	Ludolfs Liberts
skipped	AP-2026-000122.json	Romans Suta	artist_name_ascii_only	Romans Suta
skipped	AP-2026-000123.json	Romans Suta	artist_name_ascii_only	Romans Suta
skipped	AP-2026-000128.json	Ludolfs Liberts	artist_name_ascii_only	Ludolfs Liberts
skipped	AP-2026-000141.json	Romans Suta	artist_name_ascii_only	Romans Suta
skipped	AP-2026-000142.json	Romans Suta	artist_name_ascii_only	Romans Suta
skipped	AP-2026-000143.json	Romans Suta	artist_name_ascii_only	Romans Suta
skipped	AP-2026-000144.json	Romans Suta	artist_name_ascii_only	Romans Suta
skipped	AP-2026-000145.json	Romans Suta	artist_name_ascii_only	Romans Suta
skipped	AP-2026-000146.json	Romans Suta	artist_name_ascii_only	Romans Suta
skipped	AP-2026-000147.json	Romans Suta	artist_name_ascii_only	Romans Suta
skipped	AP-2026-000148.json	Romans Suta	artist_name_ascii_only	Romans Suta
skipped	AP-2026-000149.json	Romans Suta	artist_name_ascii_only	Romans Suta
skipped	AP-2026-000150.json	Romans Suta	artist_name_ascii_only	Romans Suta
skipped	AP-2026-000151.json	Romans Suta	artist_name_ascii_only	Romans Suta
skipped	AP-2026-000152.json	Romans Suta	artist_name_ascii_only	Romans Suta
skipped	AP-2026-000153.json	Romans Suta	artist_name_ascii_only	Romans Suta
skipped	AP-2026-000154.json	Romans Suta	artist_name_ascii_only	Romans Suta
skipped	AP-2026-000155.json	Romans Suta	artist_name_ascii_only	Romans Suta
skipped	AP-2026-000166.json	Uga Skulme	artist_name_ascii_only	Uga Skulme
skipped	AP-2026-000167.json	Uga Skulme	artist_name_ascii_only	Uga Skulme
skipped	AP-2026-000168.json	Uga Skulme	artist_name_ascii_only	Uga Skulme
skipped	AP-2026-000169.json	Uga Skulme	artist_name_ascii_only	Uga Skulme
skipped	AP-2026-000170.json	Uga Skulme	artist_name_ascii_only	Uga Skulme
skipped	AP-2026-000171.json	Uga Skulme	artist_name_ascii_only	Uga Skulme
skipped	AP-2026-000172.json	Uga Skulme	artist_name_ascii_only	Uga Skulme
skipped	AP-2026-000173.json	Uga Skulme	artist_name_ascii_only	Uga Skulme
skipped	AP-2026-000174.json	Uga Skulme	artist_name_ascii_only	Uga Skulme
skipped	AP-2026-000175.json	Uga Skulme	artist_name_ascii_only	Uga Skulme
skipped	AP-2026-000176.json	Uga Skulme	artist_name_ascii_only	Uga Skulme
skipped	AP-2026-000177.json	Uga Skulme	artist_name_ascii_only	Uga Skulme
skipped	AP-2026-000178.json	Uga Skulme	artist_name_ascii_only	Uga Skulme
skipped	AP-2026-000179.json	Uga Skulme	artist_name_ascii_only	Uga Skulme
skipped	AP-2026-000180.json	Uga Skulme	artist_name_ascii_only	Uga Skulme
skipped	AP-2026-000191.json	Ludolfs Liberts	artist_name_ascii_only	Ludolfs Liberts
skipped	AP-2026-000192.json	Ludolfs Liberts	artist_name_ascii_only	Ludolfs Liberts
skipped	AP-2026-000193.json	Ludolfs Liberts	artist_name_ascii_only	Ludolfs Liberts
skipped	AP-2026-000194.json	Ludolfs Liberts	artist_name_ascii_only	Ludolfs Liberts
skipped	AP-2026-000195.json	Ludolfs Liberts	artist_name_ascii_only	Ludolfs Liberts
skipped	AP-2026-000210.json	Kaspars Brambergs	artist_name_ascii_only	Kaspars Brambergs
skipped	AP-2026-000211.json	Harijs Brants	artist_name_ascii_only	Harijs Brants
skipped	AP-2026-000212.json	Harijs Brants	artist_name_ascii_only	Harijs Brants
skipped	AP-2026-000218.json	Daina Dagnija	artist_name_ascii_only	Daina Dagnija
skipped	AP-2026-000219.json	Daina Dagnija	artist_name_ascii_only	Daina Dagnija
skipped	AP-2026-000220.json	Aleksandrs Dembo	artist_name_ascii_only	Aleksandrs Dembo
skipped	AP-2026-000221.json	Aleksandrs Dembo	artist_name_ascii_only	Aleksandrs Dembo
skipped	AP-2026-000222.json	Kristiana Dimitere	artist_name_ascii_only	Kristiana Dimitere
skipped	AP-2026-000223.json	Kristiana Dimitere	artist_name_ascii_only	Kristiana Dimitere
skipped	AP-2026-000224.json	Lilija Dinere	artist_name_ascii_only	Lilija Dinere
skipped	AP-2026-000225.json	Lilija Dinere	artist_name_ascii_only	Lilija Dinere
skipped	AP-2026-000229.json	Barbara Gaile	artist_name_ascii_only	Barbara Gaile
skipped	AP-2026-000230.json	Barbara Gaile	artist_name_ascii_only	Barbara Gaile
skipped	AP-2026-000231.json	Barbara Gaile	artist_name_ascii_only	Barbara Gaile
skipped	AP-2026-000236.json	Madara Gulbis	artist_name_ascii_only	Madara Gulbis
skipped	AP-2026-000239.json	Anna Heinrihsone	artist_name_ascii_only	Anna Heinrihsone
skipped	AP-2026-000243.json	Ivars Heinrihsons	artist_name_ascii_only	Ivars Heinrihsons
skipped	AP-2026-000244.json	Ivars Heinrihsons	artist_name_ascii_only	Ivars Heinrihsons
skipped	AP-2026-000247.json	Ritums Ivanovs	artist_name_ascii_only	Ritums Ivanovs
skipped	AP-2026-000248.json	Ritums Ivanovs	artist_name_ascii_only	Ritums Ivanovs
skipped	AP-2026-000265.json	Tatjana Krivenkova	artist_name_ascii_only	Tatjana Krivenkova
skipped	AP-2026-000266.json	Tatjana Krivenkova	artist_name_ascii_only	Tatjana Krivenkova
skipped	AP-2026-000267.json	Tatjana Krivenkova	artist_name_ascii_only	Tatjana Krivenkova
skipped	AP-2026-000275.json	Ilze Libiete	artist_name_ascii_only	Ilze Libiete
skipped	AP-2026-000276.json	Ilze Libiete	artist_name_ascii_only	Ilze Libiete
skipped	AP-2026-000279.json	Vija Maldupe	artist_name_ascii_only	Vija Maldupe
skipped	AP-2026-000281.json	Anita Meldere	artist_name_ascii_only	Anita Meldere
skipped	AP-2026-000284.json	Aleksejs Naumovs	artist_name_ascii_only	Aleksejs Naumovs
skipped	AP-2026-000285.json	Aleksejs Naumovs	artist_name_ascii_only	Aleksejs Naumovs
skipped	AP-2026-000286.json	Ilze Neilande	artist_name_ascii_only	Ilze Neilande
skipped	AP-2026-000287.json	Ilze Neilande	artist_name_ascii_only	Ilze Neilande
skipped	AP-2026-000288.json	Gita Okonova-Treice	artist_name_ascii_only	Gita Okonova-Treice
skipped	AP-2026-000289.json	Gita Okonova-Treice	artist_name_ascii_only	Gita Okonova-Treice
skipped	AP-2026-000292.json	Vilis Ozols	artist_name_ascii_only	Vilis Ozols
skipped	AP-2026-000294.json	Elita Patmalniece	artist_name_ascii_only	Elita Patmalniece
skipped	AP-2026-000301.json	Laima Puntule	artist_name_ascii_only	Laima Puntule
skipped	AP-2026-000309.json	Herberts Silins	artist_name_ascii_only	Herberts Silins
skipped	AP-2026-000326.json	Ivars Heinrihsons	artist_name_ascii_only	Ivars Heinrihsons
skipped	AP-2026-000327.json	Ludolfs Liberts	artist_name_ascii_only	Ludolfs Liberts
skipped	AP-2026-000331.json	Egils Rozenbergs	artist_name_ascii_only	Egils Rozenbergs
skipped	AP-2026-000340.json	Daina Dagnija	artist_name_ascii_only	Daina Dagnija
skipped	AP-2026-000342.json	Madara Gulbis	artist_name_ascii_only	Madara Gulbis
skipped	AP-2026-000343.json	Anna Heinrihsone	artist_name_ascii_only	Anna Heinrihsone
skipped	AP-2026-000345.json	Ivars Heinrihsons	artist_name_ascii_only	Ivars Heinrihsons
skipped	AP-2026-000347.json	Ritums Ivanovs	artist_name_ascii_only	Ritums Ivanovs
skipped	AP-2026-000352.json	Tatjana Krivenkova	artist_name_ascii_only	Tatjana Krivenkova
skipped	AP-2026-000358.json	Anita Meldere	artist_name_ascii_only	Anita Meldere
skipped	AP-2026-000360.json	Ilze Neilande	artist_name_ascii_only	Ilze Neilande
skipped	AP-2026-000361.json	Elita Patmalniece	artist_name_ascii_only	Elita Patmalniece
skipped	AP-2026-000364.json	Baiba Vegere	artist_name_ascii_only	Baiba Vegere
