id	name	desc	url	q
AP-2026-000002	Juras noskana (Sea Mood)	painting, by Herberts Siliņš, 1979	https://arsaccordia.com/AP-2026-000002.html	
AP-2026-000003	In the Evening	painting, by Valdemārs Tone, 1920	https://arsaccordia.com/AP-2026-000003.html	63344886
AP-2026-000004	At the Window	painting, by Valdemārs Tone, 1932	https://arsaccordia.com/AP-2026-000004.html	63345066
AP-2026-000005	Divas sievietes	linocut print, by Valdemārs Tone, 1919	https://arsaccordia.com/AP-2026-000005.html	140399714
AP-2026-000006	Divas figūras	woodcut print, by Valdemārs Tone, 1918	https://arsaccordia.com/AP-2026-000006.html	140399715
AP-2026-000007	Divas sievietes	painting, by Valdemārs Tone, 1920	https://arsaccordia.com/AP-2026-000007.html	140399718
AP-2026-000008	Uz balkona	painting, by Valdemārs Tone, 1920	https://arsaccordia.com/AP-2026-000008.html	140399719
AP-2026-000009	Sieviete ar balodi	painting, by Valdemārs Tone, 1919	https://arsaccordia.com/AP-2026-000009.html	140399716
AP-2026-000010	G. L. kundzes portrets	painting, by Valdemārs Tone, 1923	https://arsaccordia.com/AP-2026-000010.html	140399722
AP-2026-000011	Valdemārs Dambergs ar kundzi	painting, by Valdemārs Tone, 1924	https://arsaccordia.com/AP-2026-000011.html	140399723
AP-2026-000012	Portreta mets	painting, by Valdemārs Tone, 1920	https://arsaccordia.com/AP-2026-000012.html	140399720
AP-2026-000013	Klusā daba ar papirosiem	painting, by Valdemārs Tone, 1921	https://arsaccordia.com/AP-2026-000013.html	140399721
AP-2026-000014		painting, by Vilhelms Purvītis	https://arsaccordia.com/AP-2026-000014.html	20795503
AP-2026-000015		painting, by Vilhelms Purvītis	https://arsaccordia.com/AP-2026-000015.html	20799693
AP-2026-000016	Baltā un melnā	painting, by Aleksandra Beļcova, 1925	https://arsaccordia.com/AP-2026-000016.html	22045458
AP-2026-000017	Peldētāji zēni	painting, by Jānis Valters, 1900	https://arsaccordia.com/AP-2026-000017.html	22056331
AP-2026-000018	Ziema	painting, by Vilhelms Purvītis, 1910	https://arsaccordia.com/AP-2026-000018.html	22056352
AP-2026-000019	Bēgļi	painting, by Jēkabs Kazaks, 1917	https://arsaccordia.com/AP-2026-000019.html	22056364
AP-2026-000020	Forest (Morning Sun)	painting, by Jānis Valters, 1904	https://arsaccordia.com/AP-2026-000020.html	28797822
AP-2026-000021	Mountain near Metzinger	painting, by Jānis Valters, 1925	https://arsaccordia.com/AP-2026-000021.html	28797823
AP-2026-000022	Ducks	painting, by Jānis Valters, 1898	https://arsaccordia.com/AP-2026-000022.html	28797820
AP-2026-000023	Expressive firs	painting, by Jānis Valters, 1924	https://arsaccordia.com/AP-2026-000023.html	28797821
AP-2026-000024	Trunks and Foliage	painting, by Jānis Valters, 1925	https://arsaccordia.com/AP-2026-000024.html	28797824
AP-2026-000025	Woman with Leaflets	painting, by Aleksandrs Drēviņš, 1933	https://arsaccordia.com/AP-2026-000025.html	28801400
AP-2026-000026	In the Outskirts of Paris	painting, by Jāzeps Grosvalds, 1914	https://arsaccordia.com/AP-2026-000026.html	28808859
AP-2026-000027	Path of the Nightmare	painting, by Jāzeps Grosvalds, 1916	https://arsaccordia.com/AP-2026-000027.html	28808862
AP-2026-000028	Three Crosses	painting, by Jāzeps Grosvalds, 1917	https://arsaccordia.com/AP-2026-000028.html	28808863
AP-2026-000029	Kurds on the Roof	painting, by Jāzeps Grosvalds, 1916	https://arsaccordia.com/AP-2026-000029.html	28808860
AP-2026-000030	Three Women on the Street of Baghdad	painting, by Jāzeps Grosvalds, 1919	https://arsaccordia.com/AP-2026-000030.html	28808864
AP-2026-000031	Trīs sievietes	painting, by Jēkabs Kazaks, 1916	https://arsaccordia.com/AP-2026-000031.html	28808870
AP-2026-000032	Ladies at the Seaside	painting, by Jēkabs Kazaks, 1920	https://arsaccordia.com/AP-2026-000032.html	28808869
AP-2026-000033	Pavasara ūdeņi (Maestoso)	painting, by Vilhelms Purvītis, 1910	https://arsaccordia.com/AP-2026-000033.html	28810769
AP-2026-000034	Suprematism (formerly) Abstraction	painting, by Aleksandrs Drēviņš, 1921	https://arsaccordia.com/AP-2026-000034.html	49181298
AP-2026-000035	The Female Worker in England	drawing, by Gustavs Klucis, 1929	https://arsaccordia.com/AP-2026-000035.html	64572792
AP-2026-000036	Propaganda Stand (Workers of the World Unite)	drawing, by Gustavs Klucis, 1922	https://arsaccordia.com/AP-2026-000036.html	64572793
AP-2026-000037	Agit-Prop Stand	painting, by Gustavs Klucis, 1922	https://arsaccordia.com/AP-2026-000037.html	76341768
AP-2026-000038	Transport	painting, by Gustavs Klucis	https://arsaccordia.com/AP-2026-000038.html	106713737
AP-2026-000039	Forest Rhythms	painting, by Jānis Valters	https://arsaccordia.com/AP-2026-000039.html	106769485
AP-2026-000040	Rhythmic Trees	painting, by Jānis Valters	https://arsaccordia.com/AP-2026-000040.html	106866287
AP-2026-000041	Cubist Landscape	painting, by Jānis Valters	https://arsaccordia.com/AP-2026-000041.html	106881448
AP-2026-000042	Trees in a Romantic Landscape	painting, by Jānis Valters, 1930	https://arsaccordia.com/AP-2026-000042.html	106881452
AP-2026-000043		painting, by Jānis Valters, 1908	https://arsaccordia.com/AP-2026-000043.html	107437611
AP-2026-000044		painting, by Jānis Valters	https://arsaccordia.com/AP-2026-000044.html	111801668
AP-2026-000045	Still Life	painting, by Leo Svemps, 1937	https://arsaccordia.com/AP-2026-000045.html	119261778
AP-2026-000046	Painterly Composition	painting, by Aleksandrs Drēviņš, 1921	https://arsaccordia.com/AP-2026-000046.html	130477847
AP-2026-000047		painting, by Aleksandrs Drēviņš, 1932	https://arsaccordia.com/AP-2026-000047.html	133043354
AP-2026-000048		painting, by Aleksandrs Drēviņš, 1930s	https://arsaccordia.com/AP-2026-000048.html	133043355
AP-2026-000049		painting, by Aleksandrs Drēviņš, 1924	https://arsaccordia.com/AP-2026-000049.html	133043352
AP-2026-000050		painting, by Aleksandrs Drēviņš, 1930	https://arsaccordia.com/AP-2026-000050.html	133043360
AP-2026-000051		painting, by Aleksandrs Drēviņš, 1926	https://arsaccordia.com/AP-2026-000051.html	133043361
AP-2026-000052		painting, by Aleksandrs Drēviņš, 1932	https://arsaccordia.com/AP-2026-000052.html	133043368
AP-2026-000053		painting, by Gustavs Klucis, 1930	https://arsaccordia.com/AP-2026-000053.html	133236313
AP-2026-000054		painting, by Gustavs Klucis, 1927	https://arsaccordia.com/AP-2026-000054.html	133236318
AP-2026-000055		painting, by Gustavs Klucis, 1918	https://arsaccordia.com/AP-2026-000055.html	133236316
AP-2026-000056	Sieviete ar vēdekli	painting, by Jāzeps Grosvalds, 1914	https://arsaccordia.com/AP-2026-000056.html	140399526
AP-2026-000057	Triju mākslinieku portrets	painting, by Jāzeps Grosvalds, 1915	https://arsaccordia.com/AP-2026-000057.html	140399527
AP-2026-000058	Latviešu bēgļu apgādāšanas centrālkomitejas plakāta skice	watercolour painting, by Jāzeps Grosvalds, 1915	https://arsaccordia.com/AP-2026-000058.html	140399530
AP-2026-000059	Bēgļi (Vecais bēglis)	painting, by Jāzeps Grosvalds, 1917	https://arsaccordia.com/AP-2026-000059.html	140399531
AP-2026-000060	Mirstošais strēlnieks	painting, by Jāzeps Grosvalds, 1917	https://arsaccordia.com/AP-2026-000060.html	140399529
AP-2026-000061	Karavīri bēdājās... (Ievainotie latviešu strēlnieki)	painting, by Jāzeps Grosvalds, c. 1917	https://arsaccordia.com/AP-2026-000061.html	140399534
AP-2026-000062	Tējnīca Kanikinā	watercolour painting, by Jāzeps Grosvalds, 1918	https://arsaccordia.com/AP-2026-000062.html	140399535
AP-2026-000063	Div' dūjiņas gaisā skrēja	painting, by Jāzeps Grosvalds, 1919	https://arsaccordia.com/AP-2026-000063.html	140399532
AP-2026-000064	Cīņa ar melno bruņinieku (Melnais bruņinieks)	painting, by Jāzeps Grosvalds, 1919	https://arsaccordia.com/AP-2026-000064.html	140399533
AP-2026-000065	Tirgotājs	watercolour painting, by Jāzeps Grosvalds, 1918	https://arsaccordia.com/AP-2026-000065.html	140399538
AP-2026-000066	Persiešu motīvs (Muhamedāņu sēru gājiens)	painting, by Jāzeps Grosvalds, 1919	https://arsaccordia.com/AP-2026-000066.html	140399539
AP-2026-000067	Mošeja Hamadānā	watercolour painting, by Jāzeps Grosvalds, 1918	https://arsaccordia.com/AP-2026-000067.html	140399536
AP-2026-000068	Strauts Hamadānā	watercolour painting, by Jāzeps Grosvalds, 1918	https://arsaccordia.com/AP-2026-000068.html	140399537
AP-2026-000069	Bagdādes tirgū	painting, by Jāzeps Grosvalds, 1919	https://arsaccordia.com/AP-2026-000069.html	140399540
AP-2026-000070	Pilsēta	linocut print, by Oto Skulme, 1919	https://arsaccordia.com/AP-2026-000070.html	140399946
AP-2026-000071	Kompozīcija	linocut print, by Oto Skulme, 1919	https://arsaccordia.com/AP-2026-000071.html	140399947
AP-2026-000072	Kārļa Strauberga portrets	painting, by Oto Skulme, 1920	https://arsaccordia.com/AP-2026-000072.html	140399950
AP-2026-000073	Kompozīcija	painting, by Oto Skulme, 1920	https://arsaccordia.com/AP-2026-000073.html	140399951
AP-2026-000074	Kompozīcija (Klusā daba)	painting, by Oto Skulme, 1920	https://arsaccordia.com/AP-2026-000074.html	140399948
AP-2026-000075	Kārļa Strauberga portrets	woodcut print, by Oto Skulme, 1920	https://arsaccordia.com/AP-2026-000075.html	140399949
AP-2026-000076	Portreta kompozīcija	painting, by Oto Skulme, 1923	https://arsaccordia.com/AP-2026-000076.html	140399954
AP-2026-000077	Kompozīcija ar divām figūrām (Svētvakars)	painting, by Oto Skulme, 1920	https://arsaccordia.com/AP-2026-000077.html	140399952
AP-2026-000078	Klusā daba	painting, by Oto Skulme, 1923	https://arsaccordia.com/AP-2026-000078.html	140399953
AP-2026-000079	Klusā daba. Mulda ar āboliem	painting, by Oto Skulme, 1925	https://arsaccordia.com/AP-2026-000079.html	140399957
AP-2026-000080	Sukubs (Dekoratīvs panno)	painting, by Aleksandra Beļcova, 1922	https://arsaccordia.com/AP-2026-000080.html	140400018
AP-2026-000081	Ložā (Dekoratīvs panno)	painting, by Aleksandra Beļcova, 1922	https://arsaccordia.com/AP-2026-000081.html	140400019
AP-2026-000082	Sieviete ar plīvuru	painting, by Aleksandra Beļcova, 1920	https://arsaccordia.com/AP-2026-000082.html	140400017
AP-2026-000083	Tenisiste	painting, by Aleksandra Beļcova, 1927	https://arsaccordia.com/AP-2026-000083.html	140400022
AP-2026-000084	Baltā un melnā	painting, by Aleksandra Beļcova, 1925	https://arsaccordia.com/AP-2026-000084.html	140400023
AP-2026-000085	Berlīne	painting, by Aleksandra Beļcova, 1923	https://arsaccordia.com/AP-2026-000085.html	140400020
AP-2026-000086	Ainava	painting, by Jānis Liepiņš, 1927	https://arsaccordia.com/AP-2026-000086.html	140400026
AP-2026-000087	Vijolnieks	painting, by Jānis Liepiņš, 1920	https://arsaccordia.com/AP-2026-000087.html	140400024
AP-2026-000088	Dzērāji	painting, by Jānis Liepiņš, 1920	https://arsaccordia.com/AP-2026-000088.html	140400025
AP-2026-000089	Klusā daba ar pīpi	painting, by Jānis Liepiņš, 1927	https://arsaccordia.com/AP-2026-000089.html	140400030
AP-2026-000090	Logs	painting, by Jānis Liepiņš, 1928	https://arsaccordia.com/AP-2026-000090.html	140400028
AP-2026-000091	Klusā daba ar balto krūzi	painting, by Jānis Liepiņš, 1923	https://arsaccordia.com/AP-2026-000091.html	140400029
AP-2026-000092	Mets Kremļa mūra noformējumam sakarā ar IV Kominternes kongresu un Oktobra revolūcijas 5. gadadienu	drawing, by Gustavs Klucis, 1922	https://arsaccordia.com/AP-2026-000092.html	140400107
AP-2026-000093	Aksonometriskā glezniecība	painting, by Gustavs Klucis, c. 1920	https://arsaccordia.com/AP-2026-000093.html	140400110
AP-2026-000094	Konstrukcija	drawing, by Gustavs Klucis, 1921	https://arsaccordia.com/AP-2026-000094.html	140400111
AP-2026-000095	Dinamiskā pilsēta	painting, by Gustavs Klucis, 1919	https://arsaccordia.com/AP-2026-000095.html	140400108
AP-2026-000096	Konstrukcija	drawing, by Gustavs Klucis, 1921	https://arsaccordia.com/AP-2026-000096.html	140400109
AP-2026-000097	Pašportrets. Kāršu spēlmanis	painting, by Aleksandrs Drēviņš, 1915	https://arsaccordia.com/AP-2026-000097.html	140400114
AP-2026-000098	Pie galda (Bēgles)	painting, by Aleksandrs Drēviņš, 1916	https://arsaccordia.com/AP-2026-000098.html	140400115
AP-2026-000099	Konstrukcija	drawing, by Gustavs Klucis, 1921	https://arsaccordia.com/AP-2026-000099.html	140400112
AP-2026-000100	VHUTEMAS uzbūve	painting, by Gustavs Klucis, 1920	https://arsaccordia.com/AP-2026-000100.html	140400113
AP-2026-000101	Sarkanā krūze	painting, by Aleksandrs Drēviņš, 1915	https://arsaccordia.com/AP-2026-000101.html	140400118
AP-2026-000102	Gleznieciska kompozīcija	painting, by Aleksandrs Drēviņš, 1921	https://arsaccordia.com/AP-2026-000102.html	140400117
AP-2026-000103	Konstrukcija	drawing, by Kārlis Johansons, 1921	https://arsaccordia.com/AP-2026-000103.html	140400120
AP-2026-000104	Kompozīcija	drawing, by Kārlis Johansons, 1921	https://arsaccordia.com/AP-2026-000104.html	140400121
AP-2026-000105	Stumbri un lapotnes	painting, by Jānis Valters, 1925	https://arsaccordia.com/AP-2026-000105.html	140400150
AP-2026-000106	Ainava ar kokiem	painting, by Jānis Valters, 1923	https://arsaccordia.com/AP-2026-000106.html	140400151
AP-2026-000107	Ekspresīva klusā daba	painting, by Jānis Valters, c. 1924	https://arsaccordia.com/AP-2026-000107.html	140400152
AP-2026-000108	Klusā daba ar siļķi	painting, by Leo Svemps, 1922	https://arsaccordia.com/AP-2026-000108.html	140400159
AP-2026-000109	Klusā daba ar avīzi un hortenziju	painting, by Leo Svemps, 1921	https://arsaccordia.com/AP-2026-000109.html	140400162
AP-2026-000110	Sieviete	painting, by Leo Svemps, 1922	https://arsaccordia.com/AP-2026-000110.html	140400161
AP-2026-000111	Ainava ar ceļu	painting, by Otomārs Nemme, 1921	https://arsaccordia.com/AP-2026-000111.html	140400164
AP-2026-000112	Bērzi	painting, by Vilhelms Purvītis, c. 1900	https://arsaccordia.com/AP-2026-000112.html	140400172
AP-2026-000113	Sarkanais cilvēks	painting, by Gustavs Klucis, 1918	https://arsaccordia.com/AP-2026-000113.html	140400452
AP-2026-000114		painting, by Ģederts Eliass	https://arsaccordia.com/AP-2026-000114.html	20778981
AP-2026-000115		painting, by Ludolfs Liberts	https://arsaccordia.com/AP-2026-000115.html	20785302
AP-2026-000116	Cilvēks, kas ieiet istabā	painting, by Niklāvs Strunke, 1927	https://arsaccordia.com/AP-2026-000116.html	22043770
AP-2026-000117	The Town of Kraslava	painting, by Niklāvs Strunke, 1930s	https://arsaccordia.com/AP-2026-000117.html	28540140
AP-2026-000118	At the Machine Gun	watercolour painting, by Niklāvs Strunke, 1916	https://arsaccordia.com/AP-2026-000118.html	63271097
AP-2026-000119	Klusā daba	painting, by Niklāvs Strunke, 1920s	https://arsaccordia.com/AP-2026-000119.html	63392500
AP-2026-000120	Gondolier	watercolour painting, by Niklāvs Strunke, 1926	https://arsaccordia.com/AP-2026-000120.html	63392512
AP-2026-000121	Summer in the Soldier's Carriage	drawing, by Jēkabs Kazaks, 1917	https://arsaccordia.com/AP-2026-000121.html	63434762
AP-2026-000122	Still-Life with Set Square	painting, by Romans Suta, 1924	https://arsaccordia.com/AP-2026-000122.html	63434768
AP-2026-000123	Still Life with Chess	painting, by Romans Suta, 1927	https://arsaccordia.com/AP-2026-000123.html	63434772
AP-2026-000124	Jaunmoku iela	painting, by Konrāds Ubāns, 1938	https://arsaccordia.com/AP-2026-000124.html	63974306
AP-2026-000125	Pie akas	painting, by Ģederts Eliass, 1935	https://arsaccordia.com/AP-2026-000125.html	63974319
AP-2026-000126	Karija ar melno kaķi	painting, by Ģederts Eliass, 1910s	https://arsaccordia.com/AP-2026-000126.html	63974331
AP-2026-000127	Self-Portrait with a Red Neckerchief	painting, by Jēkabs Kazaks, 1918	https://arsaccordia.com/AP-2026-000127.html	133463362
AP-2026-000128	Venēcija. Dodžu pils	painting, by Ludolfs Liberts, 1930	https://arsaccordia.com/AP-2026-000128.html	140334283
AP-2026-000129	Uz ežiņas galvu liku	painting, by Jēkabs Kazaks, 1918	https://arsaccordia.com/AP-2026-000129.html	140399571
AP-2026-000130	Cirkā	painting, by Jēkabs Kazaks, 1918	https://arsaccordia.com/AP-2026-000130.html	140399574
AP-2026-000131	Divas peldētājas	painting, by Jēkabs Kazaks, 1920	https://arsaccordia.com/AP-2026-000131.html	140399575
AP-2026-000132	Bēgļi	painting, by Jēkabs Kazaks, 1917	https://arsaccordia.com/AP-2026-000132.html	140399572
AP-2026-000133	Pie galda (Žanrs)	painting, by Jēkabs Kazaks, 1917	https://arsaccordia.com/AP-2026-000133.html	140399573
AP-2026-000134	Ievainotā pārsiešana	linocut print, by Jēkabs Kazaks, 1919	https://arsaccordia.com/AP-2026-000134.html	140399578
AP-2026-000135	Sieviete ar ievainoto plecos	linocut print, by Jēkabs Kazaks, 1919	https://arsaccordia.com/AP-2026-000135.html	140399579
AP-2026-000136	Gleznas mets (Karš)	watercolour painting, by Jēkabs Kazaks, 1920	https://arsaccordia.com/AP-2026-000136.html	140399577
AP-2026-000137	Leijerkastnieks	linocut print, by Jēkabs Kazaks, 1919	https://arsaccordia.com/AP-2026-000137.html	140399582
AP-2026-000138	Sieviete un vīrietis	linocut print, by Jēkabs Kazaks, 1919	https://arsaccordia.com/AP-2026-000138.html	140399583
AP-2026-000139	Meitene ar cepuri	painting, by Jēkabs Kazaks, 1919	https://arsaccordia.com/AP-2026-000139.html	140399584
AP-2026-000140	Jūlija Sproģa portrets	painting, by Jēkabs Kazaks, 1920	https://arsaccordia.com/AP-2026-000140.html	140399585
AP-2026-000141	Mītiņš	linocut print, by Romans Suta, 1919	https://arsaccordia.com/AP-2026-000141.html	140399678
AP-2026-000142	Bēres	linocut print, by Romans Suta, 1919	https://arsaccordia.com/AP-2026-000142.html	140399679
AP-2026-000143	Klusā daba ar nazi	painting, by Romans Suta, 1918	https://arsaccordia.com/AP-2026-000143.html	140399682
AP-2026-000144	Divas sievietes pie galda	painting, by Romans Suta, c. 1918	https://arsaccordia.com/AP-2026-000144.html	140399683
AP-2026-000145	Iela	painting, by Romans Suta, c. 1920	https://arsaccordia.com/AP-2026-000145.html	140399680
AP-2026-000146	Pašportrets ar pīpi	painting, by Romans Suta, 1919	https://arsaccordia.com/AP-2026-000146.html	140399681
AP-2026-000147	Sieviete ar ģitāru	painting, by Romans Suta, c. 1923	https://arsaccordia.com/AP-2026-000147.html	140399686
AP-2026-000148	Klusā daba ar pudeli	painting, by Romans Suta, 1923	https://arsaccordia.com/AP-2026-000148.html	140399687
AP-2026-000149	Konstruktīva klusā daba	painting, by Romans Suta, c. 1918	https://arsaccordia.com/AP-2026-000149.html	140399684
AP-2026-000150	Arlekīns ar ģitāru	painting, by Romans Suta, 1923	https://arsaccordia.com/AP-2026-000150.html	140399685
AP-2026-000151	Kompozīcija (Konstrukcija)	painting, by Romans Suta, c. 1927	https://arsaccordia.com/AP-2026-000151.html	140399690
AP-2026-000152	Klusā daba ar zāģi	painting, by Romans Suta, 1922	https://arsaccordia.com/AP-2026-000152.html	140399691
AP-2026-000153	Klusā daba ar glāzi	painting, by Romans Suta, 1923	https://arsaccordia.com/AP-2026-000153.html	140399688
AP-2026-000154	Klusā daba ar pīpi	painting, by Romans Suta, 1923	https://arsaccordia.com/AP-2026-000154.html	140399689
AP-2026-000155	Plase ar draudzeni	painting, by Romans Suta, 1927	https://arsaccordia.com/AP-2026-000155.html	140399692
AP-2026-000156	Edvarta Virzas portrets	painting, by Konrāds Ubāns, 1917	https://arsaccordia.com/AP-2026-000156.html	140399726
AP-2026-000157	Bēgļi	painting, by Konrāds Ubāns, 1917	https://arsaccordia.com/AP-2026-000157.html	140399727
AP-2026-000158	Pie spoguļa	linocut print, by Konrāds Ubāns, 1919	https://arsaccordia.com/AP-2026-000158.html	140399724
AP-2026-000159	Sieviete	linocut print, by Konrāds Ubāns, 1919	https://arsaccordia.com/AP-2026-000159.html	140399725
AP-2026-000160	Figūra	painting, by Konrāds Ubāns, 1919	https://arsaccordia.com/AP-2026-000160.html	140399730
AP-2026-000161	Parkā	painting, by Konrāds Ubāns, 1923	https://arsaccordia.com/AP-2026-000161.html	140399731
AP-2026-000162	Klusā daba ar vāzi	painting, by Konrāds Ubāns, 1919	https://arsaccordia.com/AP-2026-000162.html	140399728
AP-2026-000163	Atdusā	painting, by Konrāds Ubāns, 1923	https://arsaccordia.com/AP-2026-000163.html	140399734
AP-2026-000164	Māras dīķis	painting, by Konrāds Ubāns, 1923	https://arsaccordia.com/AP-2026-000164.html	140399732
AP-2026-000165	Saruna	painting, by Konrāds Ubāns, 1923	https://arsaccordia.com/AP-2026-000165.html	140399733
AP-2026-000166	Jēkabmiests	painting, by Uga Skulme, 1921	https://arsaccordia.com/AP-2026-000166.html	140399958
AP-2026-000167	Jēkabmiests	painting, by Uga Skulme, 1921	https://arsaccordia.com/AP-2026-000167.html	140399959
AP-2026-000168	Klusā daba ar mūzikas instrumentiem	painting, by Uga Skulme, 1923	https://arsaccordia.com/AP-2026-000168.html	140399962
AP-2026-000169	Portrets. Vīrietis pie galda	painting, by Uga Skulme, 1923	https://arsaccordia.com/AP-2026-000169.html	140399960
AP-2026-000170	Lieldienas	painting, by Uga Skulme, 1923	https://arsaccordia.com/AP-2026-000170.html	140399966
AP-2026-000171	Astoņas peldētājas	drawing, by Uga Skulme, c. 1925	https://arsaccordia.com/AP-2026-000171.html	140399967
AP-2026-000172	Koncerts	painting, by Uga Skulme, 1923	https://arsaccordia.com/AP-2026-000172.html	140399964
AP-2026-000173	Čigāni	painting, by Uga Skulme, 1928	https://arsaccordia.com/AP-2026-000173.html	140399965
AP-2026-000174	Klusā daba ar galvaskausiem	painting, by Uga Skulme, c. 1926	https://arsaccordia.com/AP-2026-000174.html	140399970
AP-2026-000175	Pašportrets	painting, by Uga Skulme, 1926	https://arsaccordia.com/AP-2026-000175.html	140399971
AP-2026-000176	Jēzus dzimšana	drawing, by Uga Skulme, c. 1925	https://arsaccordia.com/AP-2026-000176.html	140399968
AP-2026-000177	Klusā daba	painting, by Uga Skulme, 1924	https://arsaccordia.com/AP-2026-000177.html	140399969
AP-2026-000178	Ainava ar ģindeņiem	painting, by Uga Skulme, 1928	https://arsaccordia.com/AP-2026-000178.html	140399974
AP-2026-000179	Elizabetes Skulmes portrets	painting, by Uga Skulme, 1927	https://arsaccordia.com/AP-2026-000179.html	140399972
AP-2026-000180	Akts	painting, by Uga Skulme, 1928	https://arsaccordia.com/AP-2026-000180.html	140399973
AP-2026-000181	Kompozīcija	linocut print, by Niklāvs Strunke, 1919	https://arsaccordia.com/AP-2026-000181.html	140400004
AP-2026-000182	Kafija	linocut print, by Niklāvs Strunke, 1919	https://arsaccordia.com/AP-2026-000182.html	140400005
AP-2026-000183	Automātiskās durvis	painting, by Niklāvs Strunke, 1923	https://arsaccordia.com/AP-2026-000183.html	140400010
AP-2026-000184	Pašportrets ar lelli	painting, by Niklāvs Strunke, 1921	https://arsaccordia.com/AP-2026-000184.html	140400008
AP-2026-000185	Klusā daba ar kafijas dzirnaviņām	painting, by Niklāvs Strunke, c. 1923	https://arsaccordia.com/AP-2026-000185.html	140400009
AP-2026-000186	Galvas konstrukcija (Ivo Panadži portrets)	painting, by Niklāvs Strunke, 1924	https://arsaccordia.com/AP-2026-000186.html	140400014
AP-2026-000187	Cilvēks, kas ieiet istabā	painting, by Niklāvs Strunke, 1927	https://arsaccordia.com/AP-2026-000187.html	140400015
AP-2026-000188	Kapri	painting, by Niklāvs Strunke, 1924	https://arsaccordia.com/AP-2026-000188.html	140400012
AP-2026-000189	Pie galda	painting, by Niklāvs Strunke, 1923	https://arsaccordia.com/AP-2026-000189.html	140400013
AP-2026-000190	Florencietis ziemā	painting, by Niklāvs Strunke, 1929	https://arsaccordia.com/AP-2026-000190.html	140400016
AP-2026-000191	Mūri	painting, by Ludolfs Liberts, c. 1921	https://arsaccordia.com/AP-2026-000191.html	140400031
AP-2026-000192	Sieviete sarkanā	painting, by Ludolfs Liberts, 1923	https://arsaccordia.com/AP-2026-000192.html	140400034
AP-2026-000193	Klusā daba	painting, by Ludolfs Liberts, 1922	https://arsaccordia.com/AP-2026-000193.html	140400032
AP-2026-000194	Sievietes ceļā	painting, by Ludolfs Liberts, c. 1922	https://arsaccordia.com/AP-2026-000194.html	140400033
AP-2026-000195	Mākslinieka N. portrets	painting, by Ludolfs Liberts, 1923	https://arsaccordia.com/AP-2026-000195.html	140400037
AP-2026-000196	Pie spoguļa	painting, by Ģederts Eliass, c. 1918	https://arsaccordia.com/AP-2026-000196.html	140400154
AP-2026-000197	Sieviete ar vēdekli bārā	painting, by Ģederts Eliass, c. 1918	https://arsaccordia.com/AP-2026-000197.html	140400155
AP-2026-000198	Sēdoša sieviete	painting, by Ģederts Eliass, c. 1923	https://arsaccordia.com/AP-2026-000198.html	140400156
AP-2026-000199	Klusā daba ar augļiem	painting, by Ģederts Eliass, c. 1918	https://arsaccordia.com/AP-2026-000199.html	140400157
AP-2026-000200	Sieviete	painting, by Jānis Siliņš, 1921	https://arsaccordia.com/AP-2026-000200.html	140400174
AP-2026-000201	Tējnīcā	painting, by Jānis Plase, c. 1929	https://arsaccordia.com/AP-2026-000201.html	140400175
AP-2026-000202	Ceļā uz rožaino pasaku pili	painting, by Voldemārs Matvejs, c. 1911	https://arsaccordia.com/AP-2026-000202.html	140400173
